{
     "StartTime": [
          1.0916154384613037,
          211.36188387870789,
          464.4895474910736,
          698.0526075363159,
          947.0924820899963,
          1193.6642258167267,
          1421.2465064525604,
          1656.3609311580658,
          1894.9467513561249,
          2235.996047973633,
          2552.042947292328,
          2853.5022246837616,
          3288.3534412384033,
          3625.098146677017,
          3868.378979921341,
          4133.770556211472,
          4427.849528551102,
          4683.5230214595795,
          4939.2967410087585,
          5269.650751829147
     ],
     "EndTime": [
          28.831633806228638,
          241.91077518463135,
          494.6201615333557,
          724.1488900184631,
          979.6177608966827,
          1226.7995867729187,
          1451.5935492515564,
          1681.3020927906036,
          1928.408302783966,
          2273.8566524982452,
          2581.2096474170685,
          2877.069927215576,
          3314.9517838954926,
          3652.064371109009,
          3893.5754134655,
          4161.47058224678,
          4467.892971992493,
          4710.014609336853,
          4968.533547401428,
          5301.640792131424
     ]
}